<?xml version="1.0" encoding="UTF-8"?>
<!DOCTYPE suite SYSTEM "https://testng.org/testng-1.0.dtd">
<suite name="Suite" verbose="1" parallel="tests" thread-count="5">
  <listeners>
    <listener class-name="com.relevantcodes.extentreports.ExtentReportsListener" />
  </listeners>
  <test name="Test" thread-count="5">
    <classes>
      <class name="jenkinscode.CreateLoyaltyRewardTransactionsBonusMultiple"/>
      <class name="jenkinscode.createloyaltyrewardsegmentcampaign"/>
      <class name="ExtendReportlistener.ExtentReporterNG"/>
      <class name="jenkinscode.createLoyatlyrewardweekdaybonus"/>
      <class name="jenkinscode.createloyaltyrewardtimeofdaybonus"/>
      <class name="jenkinscode.DataManagement"/>
      <class name="jenkinscode.createloyaltyrewardcampignstore"/>
      <class name="jenkinscode.CreateRewardWeekdayUsingCampaign"/>
      <class name="jenkinscode.jouneryworkflow"/>
      <class name="jenkinscode.createloyaltyrewardtimeofdaycampaign"/>
      <class name="jenkinscode.EditUpdateMergeCustomerProfile"/>
      <class name="jenkinscode.CustomerProfile"/>
      <class name="jenkinscode.createloyaltstorebonusalert"/>
      <class name="jenkinscode.Searchcustomerprofile"/>
      <class name="jenkinscode.ChatbotTestAlert"/>
      <class name="jenkinscode.CreateRewardTransactionvalueusingcampign"/>
      <class name="jenkinscode.createloyaltyrewardsegmentbonus"/>
    </classes>
  </test> <!-- Test -->
</suite> <!-- Suite -->
